"SheetName","CellAddress","Type","AlertStyle","Operator","Formula1","Formula2","ErrorMessage"
"C_Emissions&Energy","A1",,,,,,
"C_Emissions&Energy","B1",,,,,,
"C_Emissions&Energy","C1",,,,,,
"C_Emissions&Energy","D1",,,,,,
"C_Emissions&Energy","E1",,,,,,
"C_Emissions&Energy","F1",,,,,,
"C_Emissions&Energy","G1",,,,,,
"C_Emissions&Energy","H1",,,,,,
"C_Emissions&Energy","I1",,,,,,
"C_Emissions&Energy","J1",,,,,,
"C_Emissions&Energy","K1",,,,,,
"C_Emissions&Energy","L1",,,,,,
"C_Emissions&Energy","M1",,,,,,
"C_Emissions&Energy","N1",,,,,,
"C_Emissions&Energy","O1",,,,,,
"C_Emissions&Energy","P1",,,,,,
"C_Emissions&Energy","Q1",,,,,,
"C_Emissions&Energy","R1",,,,,,
"C_Emissions&Energy","S1",,,,,,
"C_Emissions&Energy","T1",,,,,,
"C_Emissions&Energy","U1",,,,,,
"C_Emissions&Energy","V1",,,,,,
"C_Emissions&Energy","W1",,,,,,
"C_Emissions&Energy","X1",,,,,,
"C_Emissions&Energy","A2",,,,,,
"C_Emissions&Energy","B2",,,,,,
"C_Emissions&Energy","C2",,,,,,
"C_Emissions&Energy","D2",,,,,,
"C_Emissions&Energy","E2",,,,,,
"C_Emissions&Energy","F2",,,,,,
"C_Emissions&Energy","G2",,,,,,
"C_Emissions&Energy","H2",,,,,,
"C_Emissions&Energy","I2",,,,,,
"C_Emissions&Energy","J2",,,,,,
"C_Emissions&Energy","K2",,,,,,
"C_Emissions&Energy","L2",,,,,,
"C_Emissions&Energy","M2",,,,,,
"C_Emissions&Energy","N2",,,,,,
"C_Emissions&Energy","O2",,,,,,
"C_Emissions&Energy","P2",,,,,,
"C_Emissions&Energy","Q2",,,,,,
"C_Emissions&Energy","R2",,,,,,
"C_Emissions&Energy","S2",,,,,,
"C_Emissions&Energy","T2",,,,,,
"C_Emissions&Energy","U2",,,,,,
"C_Emissions&Energy","V2",,,,,,
"C_Emissions&Energy","W2",,,,,,
"C_Emissions&Energy","X2",,,,,,
"C_Emissions&Energy","A3",,,,,,
"C_Emissions&Energy","B3",,,,,,
"C_Emissions&Energy","C3",,,,,,
"C_Emissions&Energy","D3",,,,,,
"C_Emissions&Energy","E3",,,,,,
"C_Emissions&Energy","F3",,,,,,
"C_Emissions&Energy","G3",,,,,,
"C_Emissions&Energy","H3",,,,,,
"C_Emissions&Energy","I3",,,,,,
"C_Emissions&Energy","J3",,,,,,
"C_Emissions&Energy","K3",,,,,,
"C_Emissions&Energy","L3",,,,,,
"C_Emissions&Energy","M3",,,,,,
"C_Emissions&Energy","N3",,,,,,
"C_Emissions&Energy","O3",,,,,,
"C_Emissions&Energy","P3",,,,,,
"C_Emissions&Energy","Q3",,,,,,
"C_Emissions&Energy","R3",,,,,,
"C_Emissions&Energy","S3",,,,,,
"C_Emissions&Energy","T3",,,,,,
"C_Emissions&Energy","U3",,,,,,
"C_Emissions&Energy","V3",,,,,,
"C_Emissions&Energy","W3",,,,,,
"C_Emissions&Energy","X3",,,,,,
"C_Emissions&Energy","A4",,,,,,
"C_Emissions&Energy","B4",,,,,,
"C_Emissions&Energy","C4",,,,,,
"C_Emissions&Energy","D4",,,,,,
"C_Emissions&Energy","E4",,,,,,
"C_Emissions&Energy","F4",,,,,,
"C_Emissions&Energy","G4",,,,,,
"C_Emissions&Energy","H4",,,,,,
"C_Emissions&Energy","I4",,,,,,
"C_Emissions&Energy","J4",,,,,,
"C_Emissions&Energy","K4",,,,,,
"C_Emissions&Energy","L4",,,,,,
"C_Emissions&Energy","M4",,,,,,
"C_Emissions&Energy","N4",,,,,,
"C_Emissions&Energy","O4",,,,,,
"C_Emissions&Energy","P4",,,,,,
"C_Emissions&Energy","Q4",,,,,,
"C_Emissions&Energy","R4",,,,,,
"C_Emissions&Energy","S4",,,,,,
"C_Emissions&Energy","T4",,,,,,
"C_Emissions&Energy","U4",,,,,,
"C_Emissions&Energy","V4",,,,,,
"C_Emissions&Energy","W4",,,,,,
"C_Emissions&Energy","X4",,,,,,
"C_Emissions&Energy","A5",,,,,,
"C_Emissions&Energy","B5",,,,,,
"C_Emissions&Energy","C5",,,,,,
"C_Emissions&Energy","D5",,,,,,
"C_Emissions&Energy","E5",,,,,,
"C_Emissions&Energy","F5",,,,,,
"C_Emissions&Energy","G5",,,,,,
"C_Emissions&Energy","H5",,,,,,
"C_Emissions&Energy","I5",,,,,,
"C_Emissions&Energy","J5",,,,,,
"C_Emissions&Energy","K5",,,,,,
"C_Emissions&Energy","L5",,,,,,
"C_Emissions&Energy","M5",,,,,,
"C_Emissions&Energy","N5",,,,,,
"C_Emissions&Energy","O5",,,,,,
"C_Emissions&Energy","P5",,,,,,
"C_Emissions&Energy","Q5",,,,,,
"C_Emissions&Energy","R5",,,,,,
"C_Emissions&Energy","S5",,,,,,
"C_Emissions&Energy","T5",,,,,,
"C_Emissions&Energy","U5",,,,,,
"C_Emissions&Energy","V5",,,,,,
"C_Emissions&Energy","W5",,,,,,
"C_Emissions&Energy","X5",,,,,,
"C_Emissions&Energy","A6",,,,,,
"C_Emissions&Energy","B6",,,,,,
"C_Emissions&Energy","C6",,,,,,
"C_Emissions&Energy","D6",,,,,,
"C_Emissions&Energy","E6",,,,,,
"C_Emissions&Energy","F6",,,,,,
"C_Emissions&Energy","G6",,,,,,
"C_Emissions&Energy","H6",,,,,,
"C_Emissions&Energy","I6",,,,,,
"C_Emissions&Energy","J6",,,,,,
"C_Emissions&Energy","K6",,,,,,
"C_Emissions&Energy","L6",,,,,,
"C_Emissions&Energy","M6",,,,,,
"C_Emissions&Energy","N6",,,,,,
"C_Emissions&Energy","O6",,,,,,
"C_Emissions&Energy","P6",,,,,,
"C_Emissions&Energy","Q6",,,,,,
"C_Emissions&Energy","R6",,,,,,
"C_Emissions&Energy","S6",,,,,,
"C_Emissions&Energy","T6",,,,,,
"C_Emissions&Energy","U6",,,,,,
"C_Emissions&Energy","V6",,,,,,
"C_Emissions&Energy","W6",,,,,,
"C_Emissions&Energy","X6",,,,,,
"C_Emissions&Energy","A7",,,,,,
"C_Emissions&Energy","B7",,,,,,
"C_Emissions&Energy","C7",,,,,,
"C_Emissions&Energy","D7",,,,,,
"C_Emissions&Energy","E7",,,,,,
"C_Emissions&Energy","F7",,,,,,
"C_Emissions&Energy","G7",,,,,,
"C_Emissions&Energy","H7",,,,,,
"C_Emissions&Energy","I7",,,,,,
"C_Emissions&Energy","J7",,,,,,
"C_Emissions&Energy","K7",,,,,,
"C_Emissions&Energy","L7",,,,,,
"C_Emissions&Energy","M7",,,,,,
"C_Emissions&Energy","N7",,,,,,
"C_Emissions&Energy","O7",,,,,,
"C_Emissions&Energy","P7",,,,,,
"C_Emissions&Energy","Q7",,,,,,
"C_Emissions&Energy","R7",,,,,,
"C_Emissions&Energy","S7",,,,,,
"C_Emissions&Energy","T7",,,,,,
"C_Emissions&Energy","U7",,,,,,
"C_Emissions&Energy","V7",,,,,,
"C_Emissions&Energy","W7",,,,,,
"C_Emissions&Energy","X7",,,,,,
"C_Emissions&Energy","A8",,,,,,
"C_Emissions&Energy","B8",,,,,,
"C_Emissions&Energy","C8",,,,,,
"C_Emissions&Energy","D8",,,,,,
"C_Emissions&Energy","E8",,,,,,
"C_Emissions&Energy","F8",,,,,,
"C_Emissions&Energy","G8",,,,,,
"C_Emissions&Energy","H8",,,,,,
"C_Emissions&Energy","I8",,,,,,
"C_Emissions&Energy","J8",,,,,,
"C_Emissions&Energy","K8",,,,,,
"C_Emissions&Energy","L8",,,,,,
"C_Emissions&Energy","M8",,,,,,
"C_Emissions&Energy","N8",,,,,,
"C_Emissions&Energy","O8",,,,,,
"C_Emissions&Energy","P8",,,,,,
"C_Emissions&Energy","Q8",,,,,,
"C_Emissions&Energy","R8",,,,,,
"C_Emissions&Energy","S8",,,,,,
"C_Emissions&Energy","T8",,,,,,
"C_Emissions&Energy","U8",,,,,,
"C_Emissions&Energy","V8",,,,,,
"C_Emissions&Energy","W8",,,,,,
"C_Emissions&Energy","X8",,,,,,
"C_Emissions&Energy","A9",,,,,,
"C_Emissions&Energy","B9",,,,,,
"C_Emissions&Energy","C9",,,,,,
"C_Emissions&Energy","D9",,,,,,
"C_Emissions&Energy","E9",,,,,,
"C_Emissions&Energy","F9",,,,,,
"C_Emissions&Energy","G9",,,,,,
"C_Emissions&Energy","H9",,,,,,
"C_Emissions&Energy","I9",,,,,,
"C_Emissions&Energy","J9",,,,,,
"C_Emissions&Energy","K9",,,,,,
"C_Emissions&Energy","L9",,,,,,
"C_Emissions&Energy","M9",,,,,,
"C_Emissions&Energy","N9",,,,,,
"C_Emissions&Energy","O9",,,,,,
"C_Emissions&Energy","P9",,,,,,
"C_Emissions&Energy","Q9",,,,,,
"C_Emissions&Energy","R9",,,,,,
"C_Emissions&Energy","S9",,,,,,
"C_Emissions&Energy","T9",,,,,,
"C_Emissions&Energy","U9",,,,,,
"C_Emissions&Energy","V9",,,,,,
"C_Emissions&Energy","W9",,,,,,
"C_Emissions&Energy","X9",,,,,,
"C_Emissions&Energy","A10",,,,,,
"C_Emissions&Energy","B10",,,,,,
"C_Emissions&Energy","C10",,,,,,
"C_Emissions&Energy","D10",,,,,,
"C_Emissions&Energy","E10",,,,,,
"C_Emissions&Energy","F10",,,,,,
"C_Emissions&Energy","G10",,,,,,
"C_Emissions&Energy","H10",,,,,,
"C_Emissions&Energy","I10",,,,,,
"C_Emissions&Energy","J10",,,,,,
"C_Emissions&Energy","K10",,,,,,
"C_Emissions&Energy","L10",,,,,,
"C_Emissions&Energy","M10",,,,,,
"C_Emissions&Energy","N10",,,,,,
"C_Emissions&Energy","O10",,,,,,
"C_Emissions&Energy","P10",,,,,,
"C_Emissions&Energy","Q10",,,,,,
"C_Emissions&Energy","R10",,,,,,
"C_Emissions&Energy","S10",,,,,,
"C_Emissions&Energy","T10",,,,,,
"C_Emissions&Energy","U10",,,,,,
"C_Emissions&Energy","V10",,,,,,
"C_Emissions&Energy","W10",,,,,,
"C_Emissions&Energy","X10",,,,,,
"C_Emissions&Energy","A11",,,,,,
"C_Emissions&Energy","B11",,,,,,
"C_Emissions&Energy","C11",,,,,,
"C_Emissions&Energy","D11",,,,,,
"C_Emissions&Energy","E11",,,,,,
"C_Emissions&Energy","F11",,,,,,
"C_Emissions&Energy","G11",,,,,,
"C_Emissions&Energy","H11",,,,,,
"C_Emissions&Energy","I11",,,,,,
"C_Emissions&Energy","J11",,,,,,
"C_Emissions&Energy","K11",,,,,,
"C_Emissions&Energy","L11",,,,,,
"C_Emissions&Energy","M11",,,,,,
"C_Emissions&Energy","N11",,,,,,
"C_Emissions&Energy","O11",,,,,,
"C_Emissions&Energy","P11",,,,,,
"C_Emissions&Energy","Q11",,,,,,
"C_Emissions&Energy","R11",,,,,,
"C_Emissions&Energy","S11",,,,,,
"C_Emissions&Energy","T11",,,,,,
"C_Emissions&Energy","U11",,,,,,
"C_Emissions&Energy","V11",,,,,,
"C_Emissions&Energy","W11",,,,,,
"C_Emissions&Energy","X11",,,,,,
"C_Emissions&Energy","A12",,,,,,
"C_Emissions&Energy","B12",,,,,,
"C_Emissions&Energy","C12",,,,,,
"C_Emissions&Energy","D12",,,,,,
"C_Emissions&Energy","E12",,,,,,
"C_Emissions&Energy","F12",,,,,,
"C_Emissions&Energy","G12",,,,,,
"C_Emissions&Energy","H12",,,,,,
"C_Emissions&Energy","I12",,,,,,
"C_Emissions&Energy","J12",,,,,,
"C_Emissions&Energy","K12",,,,,,
"C_Emissions&Energy","L12",,,,,,
"C_Emissions&Energy","M12",,,,,,
"C_Emissions&Energy","N12",,,,,,
"C_Emissions&Energy","O12",,,,,,
"C_Emissions&Energy","P12",,,,,,
"C_Emissions&Energy","Q12",,,,,,
"C_Emissions&Energy","R12",,,,,,
"C_Emissions&Energy","S12",,,,,,
"C_Emissions&Energy","T12",,,,,,
"C_Emissions&Energy","U12",,,,,,
"C_Emissions&Energy","V12",,,,,,
"C_Emissions&Energy","W12",,,,,,
"C_Emissions&Energy","X12",,,,,,
"C_Emissions&Energy","A13",,,,,,
"C_Emissions&Energy","B13",,,,,,
"C_Emissions&Energy","C13",,,,,,
"C_Emissions&Energy","D13",,,,,,
"C_Emissions&Energy","E13",,,,,,
"C_Emissions&Energy","F13",,,,,,
"C_Emissions&Energy","G13",,,,,,
"C_Emissions&Energy","H13",,,,,,
"C_Emissions&Energy","I13",,,,,,
"C_Emissions&Energy","J13",,,,,,
"C_Emissions&Energy","K13",,,,,,
"C_Emissions&Energy","L13",,,,,,
"C_Emissions&Energy","M13",,,,,,
"C_Emissions&Energy","N13",,,,,,
"C_Emissions&Energy","O13",,,,,,
"C_Emissions&Energy","P13",,,,,,
"C_Emissions&Energy","Q13",,,,,,
"C_Emissions&Energy","R13",,,,,,
"C_Emissions&Energy","S13",,,,,,
"C_Emissions&Energy","T13",,,,,,
"C_Emissions&Energy","U13",,,,,,
"C_Emissions&Energy","V13",,,,,,
"C_Emissions&Energy","W13",,,,,,
"C_Emissions&Energy","X13",,,,,,
"C_Emissions&Energy","A14",,,,,,
"C_Emissions&Energy","B14",,,,,,
"C_Emissions&Energy","C14",,,,,,
"C_Emissions&Energy","D14",,,,,,
"C_Emissions&Energy","E14",,,,,,
"C_Emissions&Energy","F14",,,,,,
"C_Emissions&Energy","G14",,,,,,
"C_Emissions&Energy","H14",,,,,,
"C_Emissions&Energy","I14",,,,,,
"C_Emissions&Energy","J14",,,,,,
"C_Emissions&Energy","K14",,,,,,
"C_Emissions&Energy","L14",,,,,,
"C_Emissions&Energy","M14",,,,,,
"C_Emissions&Energy","N14",,,,,,
"C_Emissions&Energy","O14",,,,,,
"C_Emissions&Energy","P14",,,,,,
"C_Emissions&Energy","Q14",,,,,,
"C_Emissions&Energy","R14",,,,,,
"C_Emissions&Energy","S14",,,,,,
"C_Emissions&Energy","T14",,,,,,
"C_Emissions&Energy","U14",,,,,,
"C_Emissions&Energy","V14",,,,,,
"C_Emissions&Energy","W14",,,,,,
"C_Emissions&Energy","X14",,,,,,
"C_Emissions&Energy","A15",,,,,,
"C_Emissions&Energy","B15",,,,,,
"C_Emissions&Energy","C15",,,,,,
"C_Emissions&Energy","D15",,,,,,
"C_Emissions&Energy","E15",,,,,,
"C_Emissions&Energy","F15",,,,,,
"C_Emissions&Energy","G15",,,,,,
"C_Emissions&Energy","H15",,,,,,
"C_Emissions&Energy","I15",,,,,,
"C_Emissions&Energy","J15",,,,,,
"C_Emissions&Energy","K15",,,,,,
"C_Emissions&Energy","L15",,,,,,
"C_Emissions&Energy","M15",,,,,,
"C_Emissions&Energy","N15",,,,,,
"C_Emissions&Energy","O15",,,,,,
"C_Emissions&Energy","P15",,,,,,
"C_Emissions&Energy","Q15",,,,,,
"C_Emissions&Energy","R15",,,,,,
"C_Emissions&Energy","S15",,,,,,
"C_Emissions&Energy","T15",,,,,,
"C_Emissions&Energy","U15",,,,,,
"C_Emissions&Energy","V15",,,,,,
"C_Emissions&Energy","W15",,,,,,
"C_Emissions&Energy","X15",,,,,,
"C_Emissions&Energy","A16",,,,,,
"C_Emissions&Energy","B16",,,,,,
"C_Emissions&Energy","C16",,,,,,
"C_Emissions&Energy","D16",,,,,,
"C_Emissions&Energy","E16",,,,,,
"C_Emissions&Energy","F16",,,,,,
"C_Emissions&Energy","G16",,,,,,
"C_Emissions&Energy","H16","2","1","7","0","",
"C_Emissions&Energy","I16","2","1","7","0","",
"C_Emissions&Energy","J16","2","1","7","0","",
"C_Emissions&Energy","K16","2","1","7","0","",
"C_Emissions&Energy","L16",,,,,,
"C_Emissions&Energy","M16",,,,,,
"C_Emissions&Energy","N16",,,,,,
"C_Emissions&Energy","O16",,,,,,
"C_Emissions&Energy","P16",,,,,,
"C_Emissions&Energy","Q16",,,,,,
"C_Emissions&Energy","R16",,,,,,
"C_Emissions&Energy","S16",,,,,,
"C_Emissions&Energy","T16",,,,,,
"C_Emissions&Energy","U16",,,,,,
"C_Emissions&Energy","V16",,,,,,
"C_Emissions&Energy","W16",,,,,,
"C_Emissions&Energy","X16",,,,,,
"C_Emissions&Energy","A17",,,,,,
"C_Emissions&Energy","B17",,,,,,
"C_Emissions&Energy","C17",,,,,,
"C_Emissions&Energy","D17",,,,,,
"C_Emissions&Energy","E17",,,,,,
"C_Emissions&Energy","F17",,,,,,
"C_Emissions&Energy","G17",,,,,,
"C_Emissions&Energy","H17",,,,,,
"C_Emissions&Energy","I17",,,,,,
"C_Emissions&Energy","J17",,,,,,
"C_Emissions&Energy","K17",,,,,,
"C_Emissions&Energy","L17",,,,,,
"C_Emissions&Energy","M17",,,,,,
"C_Emissions&Energy","N17",,,,,,
"C_Emissions&Energy","O17",,,,,,
"C_Emissions&Energy","P17",,,,,,
"C_Emissions&Energy","Q17",,,,,,
"C_Emissions&Energy","R17",,,,,,
"C_Emissions&Energy","S17",,,,,,
"C_Emissions&Energy","T17",,,,,,
"C_Emissions&Energy","U17",,,,,,
"C_Emissions&Energy","V17",,,,,,
"C_Emissions&Energy","W17",,,,,,
"C_Emissions&Energy","X17",,,,,,
"C_Emissions&Energy","A18",,,,,,
"C_Emissions&Energy","B18",,,,,,
"C_Emissions&Energy","C18",,,,,,
"C_Emissions&Energy","D18",,,,,,
"C_Emissions&Energy","E18",,,,,,
"C_Emissions&Energy","F18",,,,,,
"C_Emissions&Energy","G18",,,,,,
"C_Emissions&Energy","H18",,,,,,
"C_Emissions&Energy","I18",,,,,,
"C_Emissions&Energy","J18",,,,,,
"C_Emissions&Energy","K18",,,,,,
"C_Emissions&Energy","L18",,,,,,
"C_Emissions&Energy","M18",,,,,,
"C_Emissions&Energy","N18",,,,,,
"C_Emissions&Energy","O18",,,,,,
"C_Emissions&Energy","P18",,,,,,
"C_Emissions&Energy","Q18",,,,,,
"C_Emissions&Energy","R18",,,,,,
"C_Emissions&Energy","S18",,,,,,
"C_Emissions&Energy","T18",,,,,,
"C_Emissions&Energy","U18",,,,,,
"C_Emissions&Energy","V18",,,,,,
"C_Emissions&Energy","W18",,,,,,
"C_Emissions&Energy","X18",,,,,,
"C_Emissions&Energy","A19",,,,,,
"C_Emissions&Energy","B19",,,,,,
"C_Emissions&Energy","C19",,,,,,
"C_Emissions&Energy","D19",,,,,,
"C_Emissions&Energy","E19",,,,,,
"C_Emissions&Energy","F19",,,,,,
"C_Emissions&Energy","G19",,,,,,
"C_Emissions&Energy","H19",,,,,,
"C_Emissions&Energy","I19",,,,,,
"C_Emissions&Energy","J19",,,,,,
"C_Emissions&Energy","K19",,,,,,
"C_Emissions&Energy","L19",,,,,,
"C_Emissions&Energy","M19",,,,,,
"C_Emissions&Energy","N19",,,,,,
"C_Emissions&Energy","O19",,,,,,
"C_Emissions&Energy","P19",,,,,,
"C_Emissions&Energy","Q19",,,,,,
"C_Emissions&Energy","R19",,,,,,
"C_Emissions&Energy","S19",,,,,,
"C_Emissions&Energy","T19",,,,,,
"C_Emissions&Energy","U19",,,,,,
"C_Emissions&Energy","V19",,,,,,
"C_Emissions&Energy","W19",,,,,,
"C_Emissions&Energy","X19",,,,,,
"C_Emissions&Energy","A20",,,,,,
"C_Emissions&Energy","B20",,,,,,
"C_Emissions&Energy","C20",,,,,,
"C_Emissions&Energy","D20",,,,,,
"C_Emissions&Energy","E20",,,,,,
"C_Emissions&Energy","F20",,,,,,
"C_Emissions&Energy","G20",,,,,,
"C_Emissions&Energy","H20",,,,,,
"C_Emissions&Energy","I20",,,,,,
"C_Emissions&Energy","J20",,,,,,
"C_Emissions&Energy","K20",,,,,,
"C_Emissions&Energy","L20",,,,,,
"C_Emissions&Energy","M20",,,,,,
"C_Emissions&Energy","N20",,,,,,
"C_Emissions&Energy","O20",,,,,,
"C_Emissions&Energy","P20",,,,,,
"C_Emissions&Energy","Q20",,,,,,
"C_Emissions&Energy","R20",,,,,,
"C_Emissions&Energy","S20",,,,,,
"C_Emissions&Energy","T20",,,,,,
"C_Emissions&Energy","U20",,,,,,
"C_Emissions&Energy","V20",,,,,,
"C_Emissions&Energy","W20",,,,,,
"C_Emissions&Energy","X20",,,,,,
"C_Emissions&Energy","A21",,,,,,
"C_Emissions&Energy","B21",,,,,,
"C_Emissions&Energy","C21",,,,,,
"C_Emissions&Energy","D21",,,,,,
"C_Emissions&Energy","E21",,,,,,
"C_Emissions&Energy","F21",,,,,,
"C_Emissions&Energy","G21",,,,,,
"C_Emissions&Energy","H21",,,,,,
"C_Emissions&Energy","I21",,,,,,
"C_Emissions&Energy","J21",,,,,,
"C_Emissions&Energy","K21",,,,,,
"C_Emissions&Energy","L21",,,,,,
"C_Emissions&Energy","M21",,,,,,
"C_Emissions&Energy","N21",,,,,,
"C_Emissions&Energy","O21",,,,,,
"C_Emissions&Energy","P21",,,,,,
"C_Emissions&Energy","Q21",,,,,,
"C_Emissions&Energy","R21",,,,,,
"C_Emissions&Energy","S21",,,,,,
"C_Emissions&Energy","T21",,,,,,
"C_Emissions&Energy","U21",,,,,,
"C_Emissions&Energy","V21",,,,,,
"C_Emissions&Energy","W21",,,,,,
"C_Emissions&Energy","X21",,,,,,
"C_Emissions&Energy","A22",,,,,,
"C_Emissions&Energy","B22",,,,,,
"C_Emissions&Energy","C22",,,,,,
"C_Emissions&Energy","D22",,,,,,
"C_Emissions&Energy","E22",,,,,,
"C_Emissions&Energy","F22",,,,,,
"C_Emissions&Energy","G22",,,,,,
"C_Emissions&Energy","H22",,,,,,
"C_Emissions&Energy","I22",,,,,,
"C_Emissions&Energy","J22",,,,,,
"C_Emissions&Energy","K22",,,,,,
"C_Emissions&Energy","L22",,,,,,
"C_Emissions&Energy","M22",,,,,,
"C_Emissions&Energy","N22",,,,,,
"C_Emissions&Energy","O22",,,,,,
"C_Emissions&Energy","P22",,,,,,
"C_Emissions&Energy","Q22",,,,,,
"C_Emissions&Energy","R22",,,,,,
"C_Emissions&Energy","S22",,,,,,
"C_Emissions&Energy","T22",,,,,,
"C_Emissions&Energy","U22",,,,,,
"C_Emissions&Energy","V22",,,,,,
"C_Emissions&Energy","W22",,,,,,
"C_Emissions&Energy","X22",,,,,,
"C_Emissions&Energy","A23",,,,,,
"C_Emissions&Energy","B23",,,,,,
"C_Emissions&Energy","C23",,,,,,
"C_Emissions&Energy","D23",,,,,,
"C_Emissions&Energy","E23",,,,,,
"C_Emissions&Energy","F23",,,,,,
"C_Emissions&Energy","G23",,,,,,
"C_Emissions&Energy","H23",,,,,,
"C_Emissions&Energy","I23",,,,,,
"C_Emissions&Energy","J23",,,,,,
"C_Emissions&Energy","K23",,,,,,
"C_Emissions&Energy","L23",,,,,,
"C_Emissions&Energy","M23",,,,,,
"C_Emissions&Energy","N23",,,,,,
"C_Emissions&Energy","O23",,,,,,
"C_Emissions&Energy","P23",,,,,,
"C_Emissions&Energy","Q23",,,,,,
"C_Emissions&Energy","R23",,,,,,
"C_Emissions&Energy","S23",,,,,,
"C_Emissions&Energy","T23",,,,,,
"C_Emissions&Energy","U23",,,,,,
"C_Emissions&Energy","V23",,,,,,
"C_Emissions&Energy","W23",,,,,,
"C_Emissions&Energy","X23",,,,,,
"C_Emissions&Energy","A24",,,,,,
"C_Emissions&Energy","B24",,,,,,
"C_Emissions&Energy","C24",,,,,,
"C_Emissions&Energy","D24",,,,,,
"C_Emissions&Energy","E24",,,,,,
"C_Emissions&Energy","F24",,,,,,
"C_Emissions&Energy","G24",,,,,,
"C_Emissions&Energy","H24",,,,,,
"C_Emissions&Energy","I24",,,,,,
"C_Emissions&Energy","J24",,,,,,
"C_Emissions&Energy","K24",,,,,,
"C_Emissions&Energy","L24",,,,,,
"C_Emissions&Energy","M24",,,,,,
"C_Emissions&Energy","N24",,,,,,
"C_Emissions&Energy","O24",,,,,,
"C_Emissions&Energy","P24",,,,,,
"C_Emissions&Energy","Q24",,,,,,
"C_Emissions&Energy","R24",,,,,,
"C_Emissions&Energy","S24",,,,,,
"C_Emissions&Energy","T24",,,,,,
"C_Emissions&Energy","U24",,,,,,
"C_Emissions&Energy","V24",,,,,,
"C_Emissions&Energy","W24",,,,,,
"C_Emissions&Energy","X24",,,,,,
"C_Emissions&Energy","A25",,,,,,
"C_Emissions&Energy","B25",,,,,,
"C_Emissions&Energy","C25",,,,,,
"C_Emissions&Energy","D25",,,,,,
"C_Emissions&Energy","E25",,,,,,
"C_Emissions&Energy","F25",,,,,,
"C_Emissions&Energy","G25",,,,,,
"C_Emissions&Energy","H25",,,,,,
"C_Emissions&Energy","I25",,,,,,
"C_Emissions&Energy","J25",,,,,,
"C_Emissions&Energy","K25",,,,,,
"C_Emissions&Energy","L25",,,,,,
"C_Emissions&Energy","M25",,,,,,
"C_Emissions&Energy","N25",,,,,,
"C_Emissions&Energy","O25",,,,,,
"C_Emissions&Energy","P25",,,,,,
"C_Emissions&Energy","Q25",,,,,,
"C_Emissions&Energy","R25",,,,,,
"C_Emissions&Energy","S25",,,,,,
"C_Emissions&Energy","T25",,,,,,
"C_Emissions&Energy","U25",,,,,,
"C_Emissions&Energy","V25",,,,,,
"C_Emissions&Energy","W25",,,,,,
"C_Emissions&Energy","X25",,,,,,
"C_Emissions&Energy","A26",,,,,,
"C_Emissions&Energy","B26",,,,,,
"C_Emissions&Energy","C26",,,,,,
"C_Emissions&Energy","D26",,,,,,
"C_Emissions&Energy","E26",,,,,,
"C_Emissions&Energy","F26",,,,,,
"C_Emissions&Energy","G26",,,,,,
"C_Emissions&Energy","H26","2","1","7","0","",
"C_Emissions&Energy","I26","2","1","7","0","",
"C_Emissions&Energy","J26","2","1","7","0","",
"C_Emissions&Energy","K26","2","1","7","0","",
"C_Emissions&Energy","L26","2","1","7","0","",
"C_Emissions&Energy","M26","2","1","7","0","",
"C_Emissions&Energy","N26",,,,,,
"C_Emissions&Energy","O26",,,,,,
"C_Emissions&Energy","P26",,,,,,
"C_Emissions&Energy","Q26",,,,,,
"C_Emissions&Energy","R26",,,,,,
"C_Emissions&Energy","S26",,,,,,
"C_Emissions&Energy","T26",,,,,,
"C_Emissions&Energy","U26",,,,,,
"C_Emissions&Energy","V26",,,,,,
"C_Emissions&Energy","W26",,,,,,
"C_Emissions&Energy","X26",,,,,,
"C_Emissions&Energy","A27",,,,,,
"C_Emissions&Energy","B27",,,,,,
"C_Emissions&Energy","C27",,,,,,
"C_Emissions&Energy","D27",,,,,,
"C_Emissions&Energy","E27",,,,,,
"C_Emissions&Energy","F27",,,,,,
"C_Emissions&Energy","G27",,,,,,
"C_Emissions&Energy","H27",,,,,,
"C_Emissions&Energy","I27",,,,,,
"C_Emissions&Energy","J27",,,,,,
"C_Emissions&Energy","K27",,,,,,
"C_Emissions&Energy","L27",,,,,,
"C_Emissions&Energy","M27",,,,,,
"C_Emissions&Energy","N27",,,,,,
"C_Emissions&Energy","O27",,,,,,
"C_Emissions&Energy","P27",,,,,,
"C_Emissions&Energy","Q27",,,,,,
"C_Emissions&Energy","R27",,,,,,
"C_Emissions&Energy","S27",,,,,,
"C_Emissions&Energy","T27",,,,,,
"C_Emissions&Energy","U27",,,,,,
"C_Emissions&Energy","V27",,,,,,
"C_Emissions&Energy","W27",,,,,,
"C_Emissions&Energy","X27",,,,,,
"C_Emissions&Energy","A28",,,,,,
"C_Emissions&Energy","B28",,,,,,
"C_Emissions&Energy","C28",,,,,,
"C_Emissions&Energy","D28",,,,,,
"C_Emissions&Energy","E28",,,,,,
"C_Emissions&Energy","F28",,,,,,
"C_Emissions&Energy","G28",,,,,,
"C_Emissions&Energy","H28",,,,,,
"C_Emissions&Energy","I28",,,,,,
"C_Emissions&Energy","J28",,,,,,
"C_Emissions&Energy","K28",,,,,,
"C_Emissions&Energy","L28",,,,,,
"C_Emissions&Energy","M28",,,,,,
"C_Emissions&Energy","N28",,,,,,
"C_Emissions&Energy","O28",,,,,,
"C_Emissions&Energy","P28",,,,,,
"C_Emissions&Energy","Q28",,,,,,
"C_Emissions&Energy","R28",,,,,,
"C_Emissions&Energy","S28",,,,,,
"C_Emissions&Energy","T28",,,,,,
"C_Emissions&Energy","U28",,,,,,
"C_Emissions&Energy","V28",,,,,,
"C_Emissions&Energy","W28",,,,,,
"C_Emissions&Energy","X28",,,,,,
"C_Emissions&Energy","A29",,,,,,
"C_Emissions&Energy","B29",,,,,,
"C_Emissions&Energy","C29",,,,,,
"C_Emissions&Energy","D29",,,,,,
"C_Emissions&Energy","E29",,,,,,
"C_Emissions&Energy","F29",,,,,,
"C_Emissions&Energy","G29",,,,,,
"C_Emissions&Energy","H29",,,,,,
"C_Emissions&Energy","I29",,,,,,
"C_Emissions&Energy","J29",,,,,,
"C_Emissions&Energy","K29",,,,,,
"C_Emissions&Energy","L29",,,,,,
"C_Emissions&Energy","M29",,,,,,
"C_Emissions&Energy","N29",,,,,,
"C_Emissions&Energy","O29",,,,,,
"C_Emissions&Energy","P29",,,,,,
"C_Emissions&Energy","Q29",,,,,,
"C_Emissions&Energy","R29",,,,,,
"C_Emissions&Energy","S29",,,,,,
"C_Emissions&Energy","T29",,,,,,
"C_Emissions&Energy","U29",,,,,,
"C_Emissions&Energy","V29",,,,,,
"C_Emissions&Energy","W29",,,,,,
"C_Emissions&Energy","X29",,,,,,
"C_Emissions&Energy","A30",,,,,,
"C_Emissions&Energy","B30",,,,,,
"C_Emissions&Energy","C30",,,,,,
"C_Emissions&Energy","D30",,,,,,
"C_Emissions&Energy","E30",,,,,,
"C_Emissions&Energy","F30",,,,,,
"C_Emissions&Energy","G30",,,,,,
"C_Emissions&Energy","H30",,,,,,
"C_Emissions&Energy","I30",,,,,,
"C_Emissions&Energy","J30",,,,,,
"C_Emissions&Energy","K30",,,,,,
"C_Emissions&Energy","L30",,,,,,
"C_Emissions&Energy","M30",,,,,,
"C_Emissions&Energy","N30",,,,,,
"C_Emissions&Energy","O30",,,,,,
"C_Emissions&Energy","P30",,,,,,
"C_Emissions&Energy","Q30",,,,,,
"C_Emissions&Energy","R30",,,,,,
"C_Emissions&Energy","S30",,,,,,
"C_Emissions&Energy","T30",,,,,,
"C_Emissions&Energy","U30",,,,,,
"C_Emissions&Energy","V30",,,,,,
"C_Emissions&Energy","W30",,,,,,
"C_Emissions&Energy","X30",,,,,,
"C_Emissions&Energy","A31",,,,,,
"C_Emissions&Energy","B31",,,,,,
"C_Emissions&Energy","C31",,,,,,
"C_Emissions&Energy","D31",,,,,,
"C_Emissions&Energy","E31",,,,,,
"C_Emissions&Energy","F31",,,,,,
"C_Emissions&Energy","G31",,,,,,
"C_Emissions&Energy","H31",,,,,,
"C_Emissions&Energy","I31",,,,,,
"C_Emissions&Energy","J31",,,,,,
"C_Emissions&Energy","K31",,,,,,
"C_Emissions&Energy","L31",,,,,,
"C_Emissions&Energy","M31",,,,,,
"C_Emissions&Energy","N31",,,,,,
"C_Emissions&Energy","O31",,,,,,
"C_Emissions&Energy","P31",,,,,,
"C_Emissions&Energy","Q31",,,,,,
"C_Emissions&Energy","R31",,,,,,
"C_Emissions&Energy","S31",,,,,,
"C_Emissions&Energy","T31",,,,,,
"C_Emissions&Energy","U31",,,,,,
"C_Emissions&Energy","V31",,,,,,
"C_Emissions&Energy","W31",,,,,,
"C_Emissions&Energy","X31",,,,,,
"C_Emissions&Energy","A32",,,,,,
"C_Emissions&Energy","B32",,,,,,
"C_Emissions&Energy","C32",,,,,,
"C_Emissions&Energy","D32",,,,,,
"C_Emissions&Energy","E32",,,,,,
"C_Emissions&Energy","F32",,,,,,
"C_Emissions&Energy","G32",,,,,,
"C_Emissions&Energy","H32",,,,,,
"C_Emissions&Energy","I32",,,,,,
"C_Emissions&Energy","J32",,,,,,
"C_Emissions&Energy","K32",,,,,,
"C_Emissions&Energy","L32",,,,,,
"C_Emissions&Energy","M32",,,,,,
"C_Emissions&Energy","N32",,,,,,
"C_Emissions&Energy","O32",,,,,,
"C_Emissions&Energy","P32",,,,,,
"C_Emissions&Energy","Q32",,,,,,
"C_Emissions&Energy","R32",,,,,,
"C_Emissions&Energy","S32",,,,,,
"C_Emissions&Energy","T32",,,,,,
"C_Emissions&Energy","U32",,,,,,
"C_Emissions&Energy","V32",,,,,,
"C_Emissions&Energy","W32",,,,,,
"C_Emissions&Energy","X32",,,,,,
"C_Emissions&Energy","A33",,,,,,
"C_Emissions&Energy","B33",,,,,,
"C_Emissions&Energy","C33",,,,,,
"C_Emissions&Energy","D33",,,,,,
"C_Emissions&Energy","E33",,,,,,
"C_Emissions&Energy","F33",,,,,,
"C_Emissions&Energy","G33",,,,,,
"C_Emissions&Energy","H33",,,,,,
"C_Emissions&Energy","I33",,,,,,
"C_Emissions&Energy","J33",,,,,,
"C_Emissions&Energy","K33",,,,,,
"C_Emissions&Energy","L33",,,,,,
"C_Emissions&Energy","M33",,,,,,
"C_Emissions&Energy","N33",,,,,,
"C_Emissions&Energy","O33",,,,,,
"C_Emissions&Energy","P33",,,,,,
"C_Emissions&Energy","Q33",,,,,,
"C_Emissions&Energy","R33",,,,,,
"C_Emissions&Energy","S33",,,,,,
"C_Emissions&Energy","T33",,,,,,
"C_Emissions&Energy","U33",,,,,,
"C_Emissions&Energy","V33",,,,,,
"C_Emissions&Energy","W33",,,,,,
"C_Emissions&Energy","X33",,,,,,
"C_Emissions&Energy","A34",,,,,,
"C_Emissions&Energy","B34",,,,,,
"C_Emissions&Energy","C34",,,,,,
"C_Emissions&Energy","D34",,,,,,
"C_Emissions&Energy","E34",,,,,,
"C_Emissions&Energy","F34",,,,,,
"C_Emissions&Energy","G34",,,,,,
"C_Emissions&Energy","H34",,,,,,
"C_Emissions&Energy","I34",,,,,,
"C_Emissions&Energy","J34",,,,,,
"C_Emissions&Energy","K34",,,,,,
"C_Emissions&Energy","L34",,,,,,
"C_Emissions&Energy","M34",,,,,,
"C_Emissions&Energy","N34",,,,,,
"C_Emissions&Energy","O34",,,,,,
"C_Emissions&Energy","P34",,,,,,
"C_Emissions&Energy","Q34",,,,,,
"C_Emissions&Energy","R34",,,,,,
"C_Emissions&Energy","S34",,,,,,
"C_Emissions&Energy","T34",,,,,,
"C_Emissions&Energy","U34",,,,,,
"C_Emissions&Energy","V34",,,,,,
"C_Emissions&Energy","W34",,,,,,
"C_Emissions&Energy","X34",,,,,,
"C_Emissions&Energy","A35",,,,,,
"C_Emissions&Energy","B35",,,,,,
"C_Emissions&Energy","C35",,,,,,
"C_Emissions&Energy","D35",,,,,,
"C_Emissions&Energy","E35",,,,,,
"C_Emissions&Energy","F35",,,,,,
"C_Emissions&Energy","G35",,,,,,
"C_Emissions&Energy","H35",,,,,,
"C_Emissions&Energy","I35",,,,,,
"C_Emissions&Energy","J35",,,,,,
"C_Emissions&Energy","K35",,,,,,
"C_Emissions&Energy","L35",,,,,,
"C_Emissions&Energy","M35",,,,,,
"C_Emissions&Energy","N35",,,,,,
"C_Emissions&Energy","O35",,,,,,
"C_Emissions&Energy","P35",,,,,,
"C_Emissions&Energy","Q35",,,,,,
"C_Emissions&Energy","R35",,,,,,
"C_Emissions&Energy","S35",,,,,,
"C_Emissions&Energy","T35",,,,,,
"C_Emissions&Energy","U35",,,,,,
"C_Emissions&Energy","V35",,,,,,
"C_Emissions&Energy","W35",,,,,,
"C_Emissions&Energy","X35",,,,,,
"C_Emissions&Energy","A36",,,,,,
"C_Emissions&Energy","B36",,,,,,
"C_Emissions&Energy","C36",,,,,,
"C_Emissions&Energy","D36",,,,,,
"C_Emissions&Energy","E36",,,,,,
"C_Emissions&Energy","F36",,,,,,
"C_Emissions&Energy","G36",,,,,,
"C_Emissions&Energy","H36",,,,,,
"C_Emissions&Energy","I36",,,,,,
"C_Emissions&Energy","J36",,,,,,
"C_Emissions&Energy","K36",,,,,,
"C_Emissions&Energy","L36",,,,,,
"C_Emissions&Energy","M36",,,,,,
"C_Emissions&Energy","N36",,,,,,
"C_Emissions&Energy","O36",,,,,,
"C_Emissions&Energy","P36",,,,,,
"C_Emissions&Energy","Q36",,,,,,
"C_Emissions&Energy","R36",,,,,,
"C_Emissions&Energy","S36",,,,,,
"C_Emissions&Energy","T36",,,,,,
"C_Emissions&Energy","U36",,,,,,
"C_Emissions&Energy","V36",,,,,,
"C_Emissions&Energy","W36",,,,,,
"C_Emissions&Energy","X36",,,,,,
"C_Emissions&Energy","A37",,,,,,
"C_Emissions&Energy","B37",,,,,,
"C_Emissions&Energy","C37",,,,,,
"C_Emissions&Energy","D37",,,,,,
"C_Emissions&Energy","E37",,,,,,
"C_Emissions&Energy","F37",,,,,,
"C_Emissions&Energy","G37",,,,,,
"C_Emissions&Energy","H37",,,,,,
"C_Emissions&Energy","I37",,,,,,
"C_Emissions&Energy","J37",,,,,,
"C_Emissions&Energy","K37",,,,,,
"C_Emissions&Energy","L37",,,,,,
"C_Emissions&Energy","M37",,,,,,
"C_Emissions&Energy","N37",,,,,,
"C_Emissions&Energy","O37",,,,,,
"C_Emissions&Energy","P37",,,,,,
"C_Emissions&Energy","Q37",,,,,,
"C_Emissions&Energy","R37",,,,,,
"C_Emissions&Energy","S37",,,,,,
"C_Emissions&Energy","T37",,,,,,
"C_Emissions&Energy","U37",,,,,,
"C_Emissions&Energy","V37",,,,,,
"C_Emissions&Energy","W37",,,,,,
"C_Emissions&Energy","X37",,,,,,
"C_Emissions&Energy","A38",,,,,,
"C_Emissions&Energy","B38",,,,,,
"C_Emissions&Energy","C38",,,,,,
"C_Emissions&Energy","D38",,,,,,
"C_Emissions&Energy","E38",,,,,,
"C_Emissions&Energy","F38",,,,,,
"C_Emissions&Energy","G38",,,,,,
"C_Emissions&Energy","H38",,,,,,
"C_Emissions&Energy","I38",,,,,,
"C_Emissions&Energy","J38",,,,,,
"C_Emissions&Energy","K38",,,,,,
"C_Emissions&Energy","L38",,,,,,
"C_Emissions&Energy","M38",,,,,,
"C_Emissions&Energy","N38",,,,,,
"C_Emissions&Energy","O38",,,,,,
"C_Emissions&Energy","P38",,,,,,
"C_Emissions&Energy","Q38",,,,,,
"C_Emissions&Energy","R38",,,,,,
"C_Emissions&Energy","S38",,,,,,
"C_Emissions&Energy","T38",,,,,,
"C_Emissions&Energy","U38",,,,,,
"C_Emissions&Energy","V38",,,,,,
"C_Emissions&Energy","W38",,,,,,
"C_Emissions&Energy","X38",,,,,,
"C_Emissions&Energy","A39",,,,,,
"C_Emissions&Energy","B39",,,,,,
"C_Emissions&Energy","C39",,,,,,
"C_Emissions&Energy","D39",,,,,,
"C_Emissions&Energy","E39",,,,,,
"C_Emissions&Energy","F39",,,,,,
"C_Emissions&Energy","G39",,,,,,
"C_Emissions&Energy","H39",,,,,,
"C_Emissions&Energy","I39",,,,,,
"C_Emissions&Energy","J39",,,,,,
"C_Emissions&Energy","K39",,,,,,
"C_Emissions&Energy","L39",,,,,,
"C_Emissions&Energy","M39",,,,,,
"C_Emissions&Energy","N39",,,,,,
"C_Emissions&Energy","O39",,,,,,
"C_Emissions&Energy","P39",,,,,,
"C_Emissions&Energy","Q39",,,,,,
"C_Emissions&Energy","R39",,,,,,
"C_Emissions&Energy","S39",,,,,,
"C_Emissions&Energy","T39",,,,,,
"C_Emissions&Energy","U39",,,,,,
"C_Emissions&Energy","V39",,,,,,
"C_Emissions&Energy","W39",,,,,,
"C_Emissions&Energy","X39",,,,,,
"C_Emissions&Energy","A40",,,,,,
"C_Emissions&Energy","B40",,,,,,
"C_Emissions&Energy","C40",,,,,,
"C_Emissions&Energy","D40",,,,,,
"C_Emissions&Energy","E40",,,,,,
"C_Emissions&Energy","F40",,,,,,
"C_Emissions&Energy","G40",,,,,,
"C_Emissions&Energy","H40","3","1","1","=CONST_DataQuality","",
"C_Emissions&Energy","I40",,,,,,
"C_Emissions&Energy","J40",,,,,,
"C_Emissions&Energy","K40",,,,,,
"C_Emissions&Energy","L40",,,,,,
"C_Emissions&Energy","M40",,,,,,
"C_Emissions&Energy","N40",,,,,,
"C_Emissions&Energy","O40",,,,,,
"C_Emissions&Energy","P40",,,,,,
"C_Emissions&Energy","Q40",,,,,,
"C_Emissions&Energy","R40",,,,,,
"C_Emissions&Energy","S40",,,,,,
"C_Emissions&Energy","T40",,,,,,
"C_Emissions&Energy","U40",,,,,,
"C_Emissions&Energy","V40",,,,,,
"C_Emissions&Energy","W40",,,,,,
"C_Emissions&Energy","X40",,,,,,
"C_Emissions&Energy","A41",,,,,,
"C_Emissions&Energy","B41",,,,,,
"C_Emissions&Energy","C41",,,,,,
"C_Emissions&Energy","D41",,,,,,
"C_Emissions&Energy","E41",,,,,,
"C_Emissions&Energy","F41",,,,,,
"C_Emissions&Energy","G41",,,,,,
"C_Emissions&Energy","H41","3","1","7","=CONST_DataQualityJustification","",
"C_Emissions&Energy","I41","3","1","7","=CONST_DataQualityJustification","",
"C_Emissions&Energy","J41","3","1","7","=CONST_DataQualityJustification","",
"C_Emissions&Energy","K41","3","1","7","=CONST_DataQualityJustification","",
"C_Emissions&Energy","L41",,,,,,
"C_Emissions&Energy","M41",,,,,,
"C_Emissions&Energy","N41",,,,,,
"C_Emissions&Energy","O41",,,,,,
"C_Emissions&Energy","P41",,,,,,
"C_Emissions&Energy","Q41",,,,,,
"C_Emissions&Energy","R41",,,,,,
"C_Emissions&Energy","S41",,,,,,
"C_Emissions&Energy","T41",,,,,,
"C_Emissions&Energy","U41",,,,,,
"C_Emissions&Energy","V41",,,,,,
"C_Emissions&Energy","W41",,,,,,
"C_Emissions&Energy","X41",,,,,,
"C_Emissions&Energy","A42",,,,,,
"C_Emissions&Energy","B42",,,,,,
"C_Emissions&Energy","C42",,,,,,
"C_Emissions&Energy","D42",,,,,,
"C_Emissions&Energy","E42",,,,,,
"C_Emissions&Energy","F42",,,,,,
"C_Emissions&Energy","G42",,,,,,
"C_Emissions&Energy","H42","3","1","1","=CONST_DataVerification","",
"C_Emissions&Energy","I42","3","1","1","=CONST_DataVerification","",
"C_Emissions&Energy","J42","3","1","1","=CONST_DataVerification","",
"C_Emissions&Energy","K42","3","1","1","=CONST_DataVerification","",
"C_Emissions&Energy","L42","3","1","1","=CONST_DataVerification","",
"C_Emissions&Energy","M42","3","1","1","=CONST_DataVerification","",
"C_Emissions&Energy","N42","3","1","1","=CONST_DataVerification","",
"C_Emissions&Energy","O42",,,,,,
"C_Emissions&Energy","P42",,,,,,
"C_Emissions&Energy","Q42",,,,,,
"C_Emissions&Energy","R42",,,,,,
"C_Emissions&Energy","S42",,,,,,
"C_Emissions&Energy","T42",,,,,,
"C_Emissions&Energy","U42",,,,,,
"C_Emissions&Energy","V42",,,,,,
"C_Emissions&Energy","W42",,,,,,
"C_Emissions&Energy","X42",,,,,,
"C_Emissions&Energy","A43",,,,,,
"C_Emissions&Energy","B43",,,,,,
"C_Emissions&Energy","C43",,,,,,
"C_Emissions&Energy","D43",,,,,,
"C_Emissions&Energy","E43",,,,,,
"C_Emissions&Energy","F43",,,,,,
"C_Emissions&Energy","G43",,,,,,
"C_Emissions&Energy","H43",,,,,,
"C_Emissions&Energy","I43",,,,,,
"C_Emissions&Energy","J43",,,,,,
"C_Emissions&Energy","K43",,,,,,
"C_Emissions&Energy","L43",,,,,,
"C_Emissions&Energy","M43",,,,,,
"C_Emissions&Energy","N43",,,,,,
"C_Emissions&Energy","O43",,,,,,
"C_Emissions&Energy","P43",,,,,,
"C_Emissions&Energy","Q43",,,,,,
"C_Emissions&Energy","R43",,,,,,
"C_Emissions&Energy","S43",,,,,,
"C_Emissions&Energy","T43",,,,,,
"C_Emissions&Energy","U43",,,,,,
"C_Emissions&Energy","V43",,,,,,
"C_Emissions&Energy","W43",,,,,,
"C_Emissions&Energy","X43",,,,,,
"C_Emissions&Energy","A44",,,,,,
"C_Emissions&Energy","B44",,,,,,
"C_Emissions&Energy","C44",,,,,,
"C_Emissions&Energy","D44",,,,,,
"C_Emissions&Energy","E44",,,,,,
"C_Emissions&Energy","F44",,,,,,
"C_Emissions&Energy","G44",,,,,,
"C_Emissions&Energy","H44",,,,,,
"C_Emissions&Energy","I44",,,,,,
"C_Emissions&Energy","J44",,,,,,
"C_Emissions&Energy","K44",,,,,,
"C_Emissions&Energy","L44",,,,,,
"C_Emissions&Energy","M44",,,,,,
"C_Emissions&Energy","N44",,,,,,
"C_Emissions&Energy","O44",,,,,,
"C_Emissions&Energy","P44",,,,,,
"C_Emissions&Energy","Q44",,,,,,
"C_Emissions&Energy","R44",,,,,,
"C_Emissions&Energy","S44",,,,,,
"C_Emissions&Energy","T44",,,,,,
"C_Emissions&Energy","U44",,,,,,
"C_Emissions&Energy","V44",,,,,,
"C_Emissions&Energy","W44",,,,,,
"C_Emissions&Energy","X44",,,,,,
"C_Emissions&Energy","A45",,,,,,
"C_Emissions&Energy","B45",,,,,,
"C_Emissions&Energy","C45",,,,,,
"C_Emissions&Energy","D45",,,,,,
"C_Emissions&Energy","E45",,,,,,
"C_Emissions&Energy","F45",,,,,,
"C_Emissions&Energy","G45",,,,,,
"C_Emissions&Energy","H45",,,,,,
"C_Emissions&Energy","I45",,,,,,
"C_Emissions&Energy","J45",,,,,,
"C_Emissions&Energy","K45",,,,,,
"C_Emissions&Energy","L45",,,,,,
"C_Emissions&Energy","M45",,,,,,
"C_Emissions&Energy","N45",,,,,,
"C_Emissions&Energy","O45",,,,,,
"C_Emissions&Energy","P45",,,,,,
"C_Emissions&Energy","Q45",,,,,,
"C_Emissions&Energy","R45",,,,,,
"C_Emissions&Energy","S45",,,,,,
"C_Emissions&Energy","T45",,,,,,
"C_Emissions&Energy","U45",,,,,,
"C_Emissions&Energy","V45",,,,,,
"C_Emissions&Energy","W45",,,,,,
"C_Emissions&Energy","X45",,,,,,
"C_Emissions&Energy","A46",,,,,,
"C_Emissions&Energy","B46",,,,,,
"C_Emissions&Energy","C46",,,,,,
"C_Emissions&Energy","D46",,,,,,
"C_Emissions&Energy","E46",,,,,,
"C_Emissions&Energy","F46",,,,,,
"C_Emissions&Energy","G46",,,,,,
"C_Emissions&Energy","H46",,,,,,
"C_Emissions&Energy","I46",,,,,,
"C_Emissions&Energy","J46",,,,,,
"C_Emissions&Energy","K46",,,,,,
"C_Emissions&Energy","L46",,,,,,
"C_Emissions&Energy","M46",,,,,,
"C_Emissions&Energy","N46",,,,,,
"C_Emissions&Energy","O46",,,,,,
"C_Emissions&Energy","P46",,,,,,
"C_Emissions&Energy","Q46",,,,,,
"C_Emissions&Energy","R46",,,,,,
"C_Emissions&Energy","S46",,,,,,
"C_Emissions&Energy","T46",,,,,,
"C_Emissions&Energy","U46",,,,,,
"C_Emissions&Energy","V46",,,,,,
"C_Emissions&Energy","W46",,,,,,
"C_Emissions&Energy","X46",,,,,,
"C_Emissions&Energy","A47",,,,,,
"C_Emissions&Energy","B47",,,,,,
"C_Emissions&Energy","C47",,,,,,
"C_Emissions&Energy","D47",,,,,,
"C_Emissions&Energy","E47",,,,,,
"C_Emissions&Energy","F47",,,,,,
"C_Emissions&Energy","G47",,,,,,
"C_Emissions&Energy","H47",,,,,,
"C_Emissions&Energy","I47",,,,,,
"C_Emissions&Energy","J47",,,,,,
"C_Emissions&Energy","K47",,,,,,
"C_Emissions&Energy","L47",,,,,,
"C_Emissions&Energy","M47",,,,,,
"C_Emissions&Energy","N47",,,,,,
"C_Emissions&Energy","O47",,,,,,
"C_Emissions&Energy","P47",,,,,,
"C_Emissions&Energy","Q47",,,,,,
"C_Emissions&Energy","R47",,,,,,
"C_Emissions&Energy","S47",,,,,,
"C_Emissions&Energy","T47",,,,,,
"C_Emissions&Energy","U47",,,,,,
"C_Emissions&Energy","V47",,,,,,
"C_Emissions&Energy","W47",,,,,,
"C_Emissions&Energy","X47",,,,,,
